{
  "assetsByChunkName": {
    "vendors~app-account~app-confirmation~app-order": "chunk.f7cc04d69cd0fb8d7931.js",
    "vendors~app-account~app-checkout": "chunk.72113e2d14c96b23a90e.js",
    "vendors~app-cart~app-checkout": "chunk.55e88b45ceebe18b9f85.js",
    "admin": [
      "admin.1e95967a8206cddea315.js",
      "admin.1e95967a8206cddea315.js.map"
    ],
    "app-account": "chunk.2ab5f2ffb1ba088abc0b.js",
    "app-checkout": "chunk.04c3a3c85aefde290233.js",
    "app-confirmation": "chunk.1610936d24d662919386.js",
    "checkout": [
      "checkout.cf5e1075d41983693f98.js",
      "checkout.cf5e1075d41983693f98.js.map"
    ],
    "storefront": [
      "storefront.d1916fcac52b0cbcb570.css",
      "storefront.a7ce56c699235f95996b.js",
      "storefront.d1916fcac52b0cbcb570.css.map",
      "storefront.a7ce56c699235f95996b.js.map"
    ],
    "vendors~app-cart": "chunk.5e1cfa0a6c0efa0b7b1b.js",
    "vendors~app-order": "chunk.50cb435ce10a60b668e6.js"
  }
}