{
  "description": {
    "title": "",
    "text": ""
  },
  "links_1": {
    "list_pages": true,
    "title": "Páginas",
    "list": []
  },
  "links_2": {
    "list_categories": true,
    "title": "Categorias",
    "list": []
  },
  "contacts": {
    "title": "Contatos",
    "phone_wpp": true,
    "socials": true,
    "email": true,
    "address": true
  },
  "stamps": [
    {
      "src": "/img/uploads/ssl-color.svg",
      "alt": "Secure connection",
      "width": 150,
      "height": 62
    },
    {
      "src": "/img/uploads/googlesafe-color.svg"
    }
  ],
  "payment_methods": {
    "pix": true,
    "visa": true,
    "mastercard": true,
    "elo": true,
    "amex": true,
    "hipercard": true,
    "boleto": true
  },
  "credits": "PAPELANDIA IMPORT. E DISTR DE PAPELARIA LTDA - CNPJ: 38.156.862/0001-80 © Todos os direitos reservados. 2024"
}