{
  "categories_list": {
    "featured": [],
    "random": 6,
    "full_width": false
  },
  "menu_all_departments": true,
  "centralized_logo": false,
  "marketing_stripe": {
    "text": "EMPREENDA FAZENDO O QUE AMA❤️ |SUPER VARIEDADE DE PRODUTOS EM ATACADO PARA LUCRAR REVENDENDO PAPELARIA 💸",
    "link": "",
    "background": "#f66cb7",
    "color": "#0d1f49"
  },
  "alphabetical_order_submenu": true,
  "name_all_departments": "Todas as Categorias",
  "search_input": true,
  "desktop_megamenu": true,
  "full_width_submenu": false,
  "contacts_stripe": {
    "pages": [
      {
        "title": "➡️Comece por Aqui"
      },
      {
        "title": "💜Comunidade"
      },
      {
        "title": "📚 Blog"
      }
    ],
    "phone_wpp": false,
    "socials": true
  }
}