{
  "meta_title": "",
  "meta_description": "",
  "sections": [
    {
      "type": "banner-slider",
      "autoplay": 9000,
      "full_width": false,
      "slides": [
        {
          "img": "/img/uploads/capivara-1.png",
          "link": "",
          "alt": "",
          "start": "",
          "end": "",
          "mobile_img": "/img/uploads/capivara-mobile.png"
        }
      ]
    }, 
    {
      "type": "collection-shelf",
      "shuffle": true,
      "collection_id": null,
      "sort": "offers",
      "title": "Boom de Novidades💥",
      "headless": false,
      "limit": 12,
      "page": 1
    },
    {
      "type": "responsive-banner",
      "img": "/img/uploads/copia-de-banners-maiores-3.png"
    },
    {
      "type": "collection-shelf",
      "shuffle": false,
      "limit": 12,
      "page": 1,
      "title": "Canetas Luxo💎",
      "sort": "offers"
    },
    {
      "type": "responsive-banner",
      "img": "/img/uploads/grupo-vip-1-1.png"
    },
    {
      "type": "collection-shelf",
      "shuffle": false,
      "limit": 12,
      "page": 1,
      "title": "Fofy 🐼"
    },
    {
      "type": "brands-carousel",
      "limit": 24,
      "offset": 0,
      "sort": "name",
      "autoplay": 3000
    }
  ]
}